id,topic,baseline_locator,development_observation,treatment,document_code,section,document_path,bookmark,role_outputs,responsible_role,blocking_gate,remaining_implementation_work,closure_evidence,documentation_status,implementation_status,actual_owner,actual_evidence
DD-01,Service envelope,AK §2; RA §2,The guide identifies service requirement groups; a completed offer still needs choices and exclusions.,An internal-service decision table separates ordinary VM service from exposure and higher-assurance extensions.,SDP,1,01_Architecture/Service_Design_and_Decision_Development.docx,SDP_01,AK-01; AK-02,Architecture/service owner,G0,"Adopt actual categories, responsibilities, service classes and exclusions.",Accepted service envelope and named owners.,Developed reference treatment,Open; no target execution or approval,,
DD-02,Sharing scope,AK §4; RA §7,Layer-specific sharing questions need an explicit option and consequence record.,"Develops dedicated versus shared host, control, storage, edge and service choices without treating dedication as a checkbox.",SDP,2,01_Architecture/Service_Design_and_Decision_Development.docx,SDP_02,AK-04; AK-05,Architecture/security authority,G0,"Resolve actual domain compatibility, residual risk and ancillary dependencies.",Approved sharing matrix and applicable supporting analysis.,Developed reference treatment,Open; no target execution or approval,,
DD-03,Boundary decision,AK §7; RA §29,Alternatives should be reasoned before native components are selected.,DEV-ADR-01 compares explicit edge and qualified native/distributed alternatives and rejects unrestricted transit.,SDP,3,01_Architecture/Service_Design_and_Decision_Development.docx,SDP_03,AK-03; AK-04; AK-07,Architecture/network/security owners,G0,Adopt a topology and identify actual qualified enforcement locations.,"Decision record, related views and assigned engineering constraints.",Developed reference treatment,Open; no target execution or approval,,
DD-04,Consumer dependencies,AK §2; EK §5,"Service dependency names do not identify the actual caller, privilege or data path.","Separates guest, host, backup and administrative clients with explicit entitlement and recovery dependencies.",SDP,4,01_Architecture/Service_Design_and_Decision_Development.docx,SDP_04,AK-05; AK-06; EK-05,Service/identity/data owners,G0; G2,"Name the real callers, endpoints, support/location and authority scope.",Interface records and accepted provider/consumer responsibilities.,Developed reference treatment,Open; no target execution or approval,,
DD-05,Capacity and service cost,AK §5; RA §26,Capacity-on-demand needs a decision model that does not confuse installed capacity with offered capacity.,"Develops inventory, entitlement, reservation, cost allocation and expansion reasoning without invented prices.",SDP,5,01_Architecture/Service_Design_and_Decision_Development.docx,SDP_05,AK-06; EK-06,Capacity/service owner,G0; G2,"Supply actual service demand, measured capacities, lead time and approved rates if used.","Accepted service envelope, capacity model and measurement rules.",Developed reference treatment,Open; no target execution or approval,,
DD-06,Architecture handoff,AK §8; DEL §2,A generic handoff checklist benefits from a directly completable decision record.,Adds six editable handoff response controls linked to the existing HLD record.,SDP,6,01_Architecture/Service_Design_and_Decision_Development.docx,SDP_06,AK-08; EK-01,Architecture and engineering leads,G0,"Complete the actual design, owner and unresolved-decision record.",Receiver-accepted architecture release; no blocking ambiguity.,Developed reference treatment,Open; no target execution or approval,,
DD-07,Isolation units,EK §3; WD §4,"Domain attachments, service attachments and hardware counts must not be interchanged.",Accounts separately for four domain and two service handoffs and logical EC/SE units.,NBD,1,02_Engineering/Network_and_Boundary_Detailed_Engineering.docx,NBD_01,EK-03; EK-06,Network/security engineering,G1; G2,Map logical units to supported physical/virtual contexts and spare capacity.,Actual interface and context inventory with supported limits.,Developed reference treatment,Open; no target execution or approval,,
DD-08,Forward and reply routes,EK §3; WD §6,The path schedule needs explicit end-to-end reasoning as well as prefixes.,"Works F14-01 through four IPv4 route observations, stateful reply and rejected alternative forwarding.",NBD,2,02_Engineering/Network_and_Boundary_Detailed_Engineering.docx,NBD_02,EK-03; EK-09,Network/security engineering,G2,"Replace example allocations and inspect actual native routes, rules and session behaviour.",Observed forward/reply trace and forbidden-path evidence.,Developed reference treatment,Open; no target execution or approval,,
DD-09,Service return routing,EK §5; WD §7,Shared-service reachability alone does not demonstrate originating-tenant return routing.,Works DNS forward and origin-specific return routing through EC-01 and SE-01.,NBD,3,02_Engineering/Network_and_Boundary_Detailed_Engineering.docx,NBD_03,EK-03; EK-05,Network/shared-service owners,G2,Prove the selected service/gateway implementation supports the intended reply path and no transit.,"Service-side routes, tenant attribution and access/denial observations.",Developed reference treatment,Open; no target execution or approval,,
DD-10,Family and MTU budgets,EK §6; NET §5,A generic MTU value hides address-family and encapsulation assumptions.,Defines family-specific qualification and explicit 1550/1570-byte basic VXLAN outer-IP examples.,NBD,4,02_Engineering/Network_and_Boundary_Detailed_Engineering.docx,NBD_04,EK-03; EK-06,Network/platform engineering,G1; G2,"Supply real tunnel/options/tags, vendor MTU convention and surviving-path limits.",Reviewed packet budget plus actual PMTU and protocol observations.,Developed reference treatment,Open; no target execution or approval,,
DD-11,Fabric configuration ownership,EK §2; VC §5,"Fabric, optional EVPN and tenant overlay state have separate ownership and failure scopes.","Develops provider-owned transport, route authority, multihoming and configuration boundaries.",NBD,5,02_Engineering/Network_and_Boundary_Detailed_Engineering.docx,NBD_05,EK-02; EK-03; EK-07,Foundation/network owner,G1,"Supply device tuple, peer/port map, actual native artifacts and safe maintenance procedures.",Accepted foundation inventory/configuration and failure record.,Developed reference treatment,Open; no target execution or approval,,
DD-12,Interface acceptance,EK §5; PROV §1,A producer receipt must contain enough information for a consumer to use the interface safely.,"Adds six editable interface-control fields for identity, policy, capacity, ownership and evidence.",NBD,6,02_Engineering/Network_and_Boundary_Detailed_Engineering.docx,NBD_06,EK-05; EK-09,Producing and consuming owners,G1; G2,"Populate actual endpoints, protocols, limits and handoff acknowledgements.",Signed or otherwise attributable accepted interface record.,Developed reference treatment,Open; no target execution or approval,,
DD-13,Survivor bottleneck,EK §6; QUAL §3,One free capacity dimension cannot offset an exhausted security-path bottleneck.,Shows a local 8 minus 1.5 minus 5.5 Gbit/s budget and rejection of 1.2 Gbit/s additional demand.,NBD,7,02_Engineering/Network_and_Boundary_Detailed_Engineering.docx,NBD_07,EK-06; EK-08,Capacity/edge owner,G2,Measure sustainable inspected capacity and account for all commitments/reserves once.,Actual per-bottleneck admission and failure-load evidence.,Developed reference treatment,Open; no target execution or approval,,
DD-14,Native lifecycle ownership,EK §7; VC §1,Provider availability is not complete lifecycle support for each resource family.,Develops installer/API/Terraform and service ownership across P0–P6.,PBS,1,02_Engineering/Platform_Engineering_and_Build_Specifications.docx,PBS_01,EK-07; EK-08; IK-03,Platform/automation/service owners,G1; G2,Confirm observe/create/update/adopt/replace/delete and unknown-outcome handling per actual resource.,Operation coverage and single-writer release record.,Developed reference treatment,Open; no target execution or approval,,
DD-15,Nutanix build specification,VC §2; RA §16,The realization card needs foundation and tenant-resource build detail.,"PBS §§2–3 develop control, AOS/AHV sharing, isolated VPC handoffs, deny-first build and lifecycle checks.",PBS,2,02_Engineering/Platform_Engineering_and_Build_Specifications.docx,PBS_02,EK-04; EK-07; IK-04,Nutanix platform owner,G2,Select supported hardware/AOS/Prism/Flow/API/provider tuple and exact native artifacts.,"Installed tuple, platform receipts and actual boundary/data/recovery observations.",Developed reference treatment,Open; no target execution or approval,,
DD-16,VMware/NSX build specification,VC §3; RA §17,Distributed/service routing and gateway HA choices need separate proof.,"PBS §§4–5 develop transport, Tier-0/Tier-1 handoffs, policy and gateway-mode compatibility checks.",PBS,4,02_Engineering/Platform_Engineering_and_Build_Specifications.docx,PBS_04,EK-04; EK-07; IK-04,VMware/network/security owners,G2,"Resolve actual HA, VRF/isolated alternative, advertisement and storage/placement support.",Supported topology and observed native/edge paths and failover.,Developed reference treatment,Open; no target execution or approval,,
DD-17,OpenStack build specification,VC §4; RA §18,Distribution/backend ownership and additive policy need an enforceable native design.,PBS §§6–7 develop controller/backend/placement foundations and provider-owned baseline mutation.,PBS,6,02_Engineering/Platform_Engineering_and_Build_Specifications.docx,PBS_06,EK-04; EK-07; IK-04,OpenStack platform/network owners,G2,Select actual distribution/backend/extensions/API policy and observe enforcement after lifecycle changes.,"Native role/policy, path, scheduling and storage receipts.",Developed reference treatment,Open; no target execution or approval,,
DD-18,Shared-service producer handoff,VC §6; EK §5,"Selected hosting providers do not own every identity, backup, edge or addressing dependency.",Provides producer/consumer handoff facts and protects against broad state/credential sharing.,PBS,8,02_Engineering/Platform_Engineering_and_Build_Specifications.docx,PBS_08,EK-05; EK-07; IK-05,Shared-service owners,G2,"Populate actual endpoint/use limits, acceptance and scoped credentials under each owner.",Accepted service handoffs and target-side authority evidence.,Developed reference treatment,Open; no target execution or approval,,
DD-19,Build release quality,EK §8; IT §1,"The release must identify real native artifacts, not just a generic supported-operation statement.",Adds six build-release fields and operation-level stop/recovery conditions.,PBS,9,02_Engineering/Platform_Engineering_and_Build_Specifications.docx,PBS_09,EK-08; EK-09; IK-01,Engineering/deployment leads,G2,"Supply reviewed site configuration, scripts/modules, exact versions and actual change scope.",Accepted engineering release with a complete MOP and no guessed dependency.,Developed reference treatment,Open; no target execution or approval,,
DD-20,Campaign applicability and fixture,IK §6; QUAL §5,A procedure catalogue needs a scoped campaign and adequate temporary resources.,"QCP §§1–2 separate first-stack, comparison and exit claims and account for sequential/simultaneous probe demand.",QCP,1,03_Implementation/Qualification_Campaign_and_Evidence_Procedures.docx,QCP_01,IK-06; EK-08,Assurance lead,Restricted fixture; G2,"Authorize target scope, families, shared dependencies, intrusive-test safety and actual fixture capacity.",Approved campaign with explicit applicable assertions and resource reservation.,Developed reference treatment,Open; no target execution or approval,,
DD-21,Meaningful observations,IK §6; IT §4,"Expected outcomes need independent healthy controls and artifacts, not inferred passes.","Twelve Q11 cards in §§3–5 elaborate existing CT observations for paths, authority, data, failures and restore.",QCP,3,03_Implementation/Qualification_Campaign_and_Evidence_Procedures.docx,QCP_03,IK-06; IK-09,Assurance and technical owners,G2,Execute authorized observations and record actual results separately from expected values.,Attributable evidence for each applicable assertion and defect/retest record.,Developed reference treatment,Open; no target execution or approval,,
DD-22,Evidence and scoped acceptance,QUAL §5; IK §7,"A status or test count does not prove coverage, freshness or operating authority.","QCP §§6–8 develop evidence review, cross-stack claim boundaries and six acceptance response fields.",QCP,6,03_Implementation/Qualification_Campaign_and_Evidence_Procedures.docx,QCP_06,IK-07; IK-08; IK-09,Assurance/service acceptance owner,G2; G4 initial; G3,"Resolve blocked/failed/NA evidence, actual reviewer and exact accepted service scope.",Current scoped qualification and separate readiness/activation decisions.,Developed reference treatment,Open; no target execution or approval,,
DD-23,Dependency operations and maintenance,IK §8; IK §9,"Failure plans must distinguish established service, new changes and recovery authority.","OPS §§1–3 develop service-level operation, dependency loss and interrupted-change decisions.",OPS,1,03_Implementation/Operations_Recovery_and_Transition_Playbook.docx,OPS_01,IK-07; IK-10,Operations/platform/service owners,G4 initial; G4 continuing,"Confirm target-specific cache, native-task, state, credential and containment behaviour.",Exercised operating playbook and actual support/recovery owners.,Developed reference treatment,Open; no target execution or approval,,
DD-24,"Recovery, transition and retained data",IK §9; SVC §6,"Recovery and migration need critical-path, writer and retained-copy decisions, not only VM restart.","OPS §§4–8 develop ordered recovery, local 140/160-minute examples, writer transition and six handover fields.",OPS,4,03_Implementation/Operations_Recovery_and_Transition_Playbook.docx,OPS_04,AK-06; IK-07; IK-09; IK-10,Recovery/data/operations owners,G4 initial; G3; G4 continuing,"Measure actual recovery/consistency, approve cutover/failback and reconcile every retained-copy/key obligation.","Accepted recovery evidence, operating handover and disposal/retention receipts.",Developed reference treatment,Open; no target execution or approval,,
