requirementId,text,ownerRole,parentSections,supplementHomes,sourceIds,baselineTests,wordingDisposition,executionStatus
ARCH-001,The hosting contract SHALL be vendor neutral and SHALL NOT require consumers to specify vendor-specific identifiers or topology objects.,Architecture authority,RA §1; RA §2; RA §20,GM §1; GM §2; PROV §1,S00,CT-016; CT-017,Unchanged from v1.2,"Specified, not executed by this release"
ARCH-002,Routine tenant and workload lifecycle operations SHOULD NOT require changes to physical leaf or spine configuration.,Architecture authority,RA §1; RA §2; RA §20,GM §1; GM §2; PROV §1,S00,CT-071; CT-072,Unchanged from v1.2,"Specified, not executed by this release"
ARCH-003,All inter-zone paths SHALL be explicit and SHALL traverse the applicable ZIP/security edge.,Architecture authority,RA §1; RA §2; RA §20,GM §1; GM §2; PROV §1,S00; S01; S02,CT-003; CT-025,Unchanged from v1.2,"Specified, not executed by this release"
ARCH-004,Management/OOB traffic SHALL be separated from tenant operational traffic and SHALL have independently controlled access paths.,Architecture authority,RA §1; RA §2; RA §20,GM §1; GM §2; PROV §1,S00; S01; S02,CT-004; CT-026,Unchanged from v1.2,"Specified, not executed by this release"
SCOPE-001,"Every implementation SHALL publish its offered service classes, supported information categories, excluded capabilities and required qualification evidence before accepting a production request.",Architecture authority,RA §1; RA §2; RA §20,GM §1; GM §2; PROV §1,S00,CT-018; CT-062,Unchanged from v1.2,"Specified, not executed by this release"
INV-001,"Tenant identity, security-zone identity, workload lifecycle, and platform realization are separate concepts.",Architecture authority,RA §1; RA §28,GM §1; QUAL §5; QUAL §6,S00,CT-016; CT-070,Unchanged from v1.2,"Specified, not executed by this release"
INV-002,"A VPC, VRF, Tier-1 gateway, or Neutron router is an implementation mechanism, not the enterprise definition of a security zone.",Architecture authority,RA §1; RA §28,GM §1; QUAL §5; QUAL §6,S00,CT-025; CT-080,Unchanged from v1.2,"Specified, not executed by this release"
INV-003,"Routes are derived from authorized intent; workload owners do not provide arbitrary route tables, BGP peers, route targets, or prefix imports/exports.",Architecture authority,RA §1; RA §28,GM §1; QUAL §5; QUAL §6,S00,CT-009; CT-033,Unchanged from v1.2,"Specified, not executed by this release"
INV-004,Shared services are exposed through explicit service bindings; broad reachability to a common-services supernet is not the default.,Architecture authority,RA §1; RA §28,GM §1; QUAL §5; QUAL §6,S00,CT-008,Unchanged from v1.2,"Specified, not executed by this release"
INV-005,"Portability means equivalent required outcomes and conformance, not identical topology.",Architecture authority,RA §1; RA §28,GM §1; QUAL §5; QUAL §6,S00,CT-016; CT-060,Unchanged from v1.2,"Specified, not executed by this release"
INV-006,A deployment is not Service Ready until realized state and security controls are verified.,Architecture authority,RA §1; RA §28,GM §1; QUAL §5; QUAL §6,S00,CT-049; CT-069,Unchanged from v1.2,"Specified, not executed by this release"
INV-007,Failure of an admission or control-plane dependency SHALL fail new changes closed; failure SHALL NOT silently create a security bypass.,Architecture authority,RA §1; RA §28,GM §1; QUAL §5; QUAL §6,S00,CT-011; CT-045,Unchanged from v1.2,"Specified, not executed by this release"
REF-001,"The service contract SHALL remain stable when a supported platform is replaced, provided the replacement platform passes the required conformance profile.",Architecture authority,RA §1; RA §28,GM §1; QUAL §5; QUAL §6,S00,CT-016; CT-060,Unchanged from v1.2,"Specified, not executed by this release"
REF-002,"Platform-specific extensions MAY be offered, but they SHALL be declared as capabilities and SHALL NOT redefine the portable core semantics.",Architecture authority,RA §1; RA §28,GM §1; QUAL §5; QUAL §6,S00,CT-016; CT-018,Unchanged from v1.2,"Specified, not executed by this release"
DOC-001,"Every normative requirement SHALL have a stable identifier, accountable owner, applicability, source basis, verification procedure and exception policy; generated catalogues SHALL contain every active requirement.",Architecture authority,RA §1; RA §28,GM §1; QUAL §5; QUAL §6,S00,CT-075,Unchanged from v1.2,"Specified, not executed by this release"
AUTH-001,"Technical conformance, service readiness and formal authorization SHALL be recorded as distinct states; an automated test result SHALL NOT create, renew or impersonate an authorization decision.",Security authority,RA §1; RA §28,GM §1; QUAL §5; QUAL §6,S04; S05,CT-049; CT-069,Unchanged from v1.2,"Specified, not executed by this release"
STD-001,"The standards register SHALL record edition, effective/review date, applicability, owner and supersession relationships; external changes SHALL trigger an impact review of affected profiles and evidence.",Security authority,RA §1; RA §28,GM §1; QUAL §5; QUAL §6,S01; S02; S05; S10,CT-062; CT-075,Unchanged from v1.2,"Specified, not executed by this release"
STD-002,"Control mappings SHALL preserve source edition and identifier and SHALL distinguish direct source requirements, local translations and design decisions; a family-level crosswalk SHALL NOT be represented as a completed control assessment.",Security authority,RA §1; RA §28,GM §1; QUAL §5; QUAL §6,S05,CT-062; CT-075,Unchanged from v1.2,"Specified, not executed by this release"
CAT-001,"Each WSD SHALL record confidentiality, integrity and availability separately and SHALL reference the exact adopted SecurityProfile, AssuranceProfile, AvailabilityProfile, RecoveryProfile and PlacementProfile.",Security authority,RA §2,GM §2,S00; S05; S06,CT-017; CT-062; CT-069,Unchanged from v1.2,"Specified, not executed by this release"
CAT-002,"Profile resolution SHALL be immutable and authorized; a consumer SHALL NOT lower mandatory requirements by editing a profile, forging a status field or choosing an unsupported category.",Automation platform,RA §2,GM §2,S00,CT-017; CT-018,Unchanged from v1.2,"Specified, not executed by this release"
THR-001,"Each platform qualification and material WSD change SHALL include a threat/failure analysis that identifies trust boundaries, privileged actors, dependency failures, residual risks and applicable tests.",Security authority,RA §2,GM §2,S03; S05; S08,CT-035; CT-062; CT-080,Unchanged from v1.2,"Specified, not executed by this release"
MODEL-001,"Every network SHALL resolve to one Security Domain Instance, one logical domain, one zone class, one address authority and one accountable owner; shared-domain lifecycle SHALL use explicit dependency references.",Architecture authority,RA §3; RA §7,QUAL §2; VND §1; VND §2,S00,CT-017; CT-025; CT-070,Unchanged from v1.2,"Specified, not executed by this release"
MODEL-002,"Provider service consumption, platform control, privileged management and OOB transport SHALL be modeled separately; a shared service SHALL NOT create implicit authority over another plane.",Architecture authority,RA §3; RA §7,QUAL §2; VND §1; VND §2,S00; S01; S02,CT-004; CT-008; CT-026,Unchanged from v1.2,"Specified, not executed by this release"
TEN-001,Cross-tenant routing SHALL be denied by default even when two tenants use the same zone class.,Automation platform,RA §7,VND §1; VND §2,S00,CT-001; CT-002; CT-019,Unchanged from v1.2,"Specified, not executed by this release"
TEN-002,"Tenant administrators SHALL NOT have authority to modify provider management, security-edge infrastructure, physical fabric, or another tenant namespace.",Automation platform,RA §7,VND §1; VND §2,S00,CT-019; CT-026,Unchanged from v1.2,"Specified, not executed by this release"
TEN-003,"Tenant ownership, entitlements and role bindings SHALL be versioned and auditable; suspension SHALL specify permitted recovery/containment actions and SHALL NOT imply indiscriminate workload deletion.",Service owner,RA §7,VND §1; VND §2,S00,CT-019; CT-057; CT-070,Unchanged from v1.2,"Specified, not executed by this release"
WSD-001,Every managed workload SHALL belong to a WSD or an explicitly documented equivalent lifecycle object.,Service owner,RA §7,VND §1; VND §2,S00,CT-017; CT-070,Unchanged from v1.2,"Specified, not executed by this release"
WSD-002,The WSD SHALL contain security and connectivity intent; it SHALL NOT contain vendor-specific infrastructure identifiers in the consumer contract.,Automation platform,RA §7,VND §1; VND §2,S00,CT-016; CT-017,Unchanged from v1.2,"Specified, not executed by this release"
WSD-003,"A WSD SHALL declare compute, storage, identity, backup, recovery, exposure and evidence dependencies in addition to network intent; unresolved mandatory dependencies SHALL block Service Ready.",Service owner,RA §7,VND §1; VND §2,S00,CT-062; CT-069,Unchanged from v1.2,"Specified, not executed by this release"
SDI-001,A Security Domain Instance SHALL contain only networks authorized to share its routing/security authority.,Security authority,RA §7,VND §1; VND §2,S00,CT-025; CT-035,Unchanged from v1.2,"Specified, not executed by this release"
SDI-002,Sharing a zone class SHALL NOT imply reachability between independent Security Domain Instances.,Platform engineering,RA §7,VND §1; VND §2,S00,CT-001; CT-002; CT-021,Unchanged from v1.2,"Specified, not executed by this release"
SDI-003,Dedicated Security Domain Instances SHOULD be available for workloads whose assurance profile or threat model requires stronger isolation than shared logical segmentation.,Platform engineering,RA §7,VND §1; VND §2,S00,CT-018; CT-035,Unchanged from v1.2,"Specified, not executed by this release"
SDI-004,Each Security Domain Instance SHALL reference a logical domain and a qualified site/platform realization; membership and sharing changes SHALL be assessed as security-significant changes.,Security authority,RA §7,VND §1; VND §2,S00,CT-025; CT-035; CT-048,Unchanged from v1.2,"Specified, not executed by this release"
ZONE-001,"Internal instance zoneClass SHALL be limited to PAZ, OZ, RZ, HRZ or provider-controlled MZ; external PZ/REZ relationships SHALL use ExternalDomain with explicit authority and trust metadata.",Security authority,RA §8,NET §2; NET §3,S01; S02,CT-017; CT-025; CT-076,Unchanged from v1.2,"Specified, not executed by this release"
ZONE-002,Every requested adjacency SHALL be evaluated against the versioned zone policy before allocation; being permitted to create a ZIP SHALL NOT grant any traffic by default.,Automation platform,RA §8,NET §2; NET §3,S01; S02,CT-025; CT-066,Unchanged from v1.2,"Specified, not executed by this release"
ZIP-001,All inter-zone network paths SHALL traverse the applicable ZIP/security edge.,Security-edge operations,RA §8,NET §2; NET §3,S00,CT-003; CT-080,Unchanged from v1.2,"Specified, not executed by this release"
ZIP-002,"A ZIP SHALL identify exactly two authorized adjacent endpoints, each an internal domain instance or approved external/management domain, and SHALL NOT create a general-purpose third-zone transit path.",Security authority,RA §8,NET §2; NET §3,S00; S01; S02,CT-023; CT-025,Unchanged from v1.2,"Specified, not executed by this release"
ZIP-003,Default inter-zone policy SHALL be deny; allowed flows SHALL be generated from approved Flow Intentions and Service Bindings.,Security-edge operations,RA §8,NET §2; NET §3,S00,CT-007; CT-025; CT-066,Unchanged from v1.2,"Specified, not executed by this release"
ZIP-004,ZIP management traffic SHALL be segregated from operational traffic.,Security-edge operations,RA §8,NET §2; NET §3,S00,CT-004; CT-026,Unchanged from v1.2,"Specified, not executed by this release"
ZIP-005,Data-path ZIPs and management-path ZIPs SHALL be governed and deployed as distinct security services; shared virtualization SHALL only be used where the applicable assurance analysis supports it.,Security authority,RA §8,NET §2; NET §3,S00,CT-026; CT-035; CT-080,Unchanged from v1.2,"Specified, not executed by this release"
ZIP-006,"Each ZIP SHALL record its two zone authorities, joint approval, required security functions, management authority, heightened posture, session-revocation behavior and current evidence.",Security authority,RA §8,NET §2; NET §3,S01; S02,CT-067; CT-077; CT-080,Unchanged from v1.2,"Specified, not executed by this release"
ZIP-007,A distributed or shared-infrastructure ZIP SHALL be qualified against the same required security outcomes as a dedicated edge; any unsupported mandatory function SHALL make that realization ineligible.,Platform engineering,RA §8,NET §2; NET §3,S02,CT-003; CT-023; CT-080,Unchanged from v1.2,"Specified, not executed by this release"
MGT-001,Tenant workload networks SHALL have no direct route to infrastructure management interfaces.,Management operations,RA §6; RA §13,NET §6; SVC §3,S00,CT-004; CT-026,Unchanged from v1.2,"Specified, not executed by this release"
MGT-002,Administrative access SHALL originate from an authorized management access path and traverse management-specific security controls.,Management operations,RA §6; RA §13,NET §6; SVC §3,S00,CT-026; CT-027,Unchanged from v1.2,"Specified, not executed by this release"
MGT-003,"Automation identities used to manage tenant workloads SHALL be separated from identities able to modify the physical fabric, security edge, or management foundation.",Automation platform,RA §6; RA §13,NET §6; SVC §3,S00,CT-019; CT-044,Unchanged from v1.2,"Specified, not executed by this release"
MGT-004,"Break-glass access SHALL be separately controlled, strongly authenticated, logged, time-bounded where feasible, and periodically tested.",Management operations,RA §6; RA §13,NET §6; SVC §3,S00,CT-027; CT-079,Unchanged from v1.2,"Specified, not executed by this release"
MGT-005,"The implementation SHALL document independent MZ semantics, OOB transport dependencies, remote-management boundary and privileged identity controls; tenant-facing APIs SHALL NOT expose infrastructure administration.",Management operations,RA §6; RA §13,NET §6; SVC §3,S01; S02; S07,CT-004; CT-026; CT-055,Unchanged from v1.2,"Specified, not executed by this release"
OVL-001,A platform SHALL provide an isolated routing/policy mechanism capable of realizing the Security Domain semantics required by the applicable conformance profile.,Platform engineering,RA §8,NET §2; NET §3,S00,CT-016; CT-018; CT-080,Unchanged from v1.2,"Specified, not executed by this release"
OVL-002,Native routing MAY be used within one authorized Security Domain Instance; communication between independent security domains SHALL follow the approved boundary/ZIP realization and its policy.,Platform engineering,RA §8,NET §2; NET §3,S00; S01; S02,CT-003; CT-021; CT-023,Unchanged from v1.2,"Specified, not executed by this release"
OVL-003,"Before a workload is attached, the adapter SHALL normalize permissive native defaults and enforce the mandatory baseline on all supported NIC, router, gateway and workload-attachment paths.",Platform engineering,RA §8,NET §2; NET §3,S00,CT-022; CT-066; CT-069,Unchanged from v1.2,"Specified, not executed by this release"
RTE-001,"Routes, route imports/exports, and BGP adjacencies SHALL be provider-controlled outputs of authorized intent.",Network engineering,RA §8; RA §10,NET §2; NET §3; NET §4; SVC §2,S00,CT-009; CT-033,Unchanged from v1.2,"Specified, not executed by this release"
RTE-002,A generalized shared transit VRF SHALL NOT be used as a default inter-zone routing mechanism.,Network engineering,RA §8; RA §10,NET §2; NET §3; NET §4; SVC §2,S00,CT-003; CT-009; CT-023,Unchanged from v1.2,"Specified, not executed by this release"
RTE-003,"Temporary migration or transition routes SHALL have explicit scope, approval, expiry, telemetry, and automated teardown.",Network engineering,RA §8; RA §10,NET §2; NET §3; NET §4; SVC §2,S00,CT-009; CT-058; CT-077,Unchanged from v1.2,"Specified, not executed by this release"
RTE-004,"Route compilation SHALL validate connected routes, recursive next hops, summaries, NAT/PBR interactions and all enabled address families; realized forwarding SHALL be compared with the approved graph before exposure.",Network engineering,RA §8; RA §10,NET §2; NET §3; NET §4; SVC §2,S00,CT-009; CT-023; CT-024; CT-031,Unchanged from v1.2,"Specified, not executed by this release"
IPAM-001,Every managed network SHALL have an authoritative IPAM record and owner.,Network engineering,RA §10,NET §3; NET §4; SVC §2,S00,CT-029; CT-030,Unchanged from v1.2,"Specified, not executed by this release"
IPAM-002,"Overlapping address space SHALL be an explicit exception or migration pattern, not the standard tenancy model.",Network engineering,RA §10,NET §3; NET §4; SVC §2,S00,CT-029; CT-061,Unchanged from v1.2,"Specified, not executed by this release"
IPAM-003,"Address release SHOULD include quarantine/reuse controls appropriate to DNS, logging, firewall state, and incident-response requirements.",Network engineering,RA §10,NET §3; NET §4; SVC §2,S00,CT-013; CT-030,Unchanged from v1.2,"Specified, not executed by this release"
IPAM-004,"Address allocation, DNS/DHCP registration and release SHALL use idempotent operation identities, conflict detection and a dependency-aware quarantine policy; IPAM failure SHALL NOT cause guessed allocations.",Automation platform,RA §10,NET §3; NET §4; SVC §2,S00,CT-029; CT-030; CT-045; CT-046,Unchanged from v1.2,"Specified, not executed by this release"
IPV6-001,"Security semantics SHALL be equivalent across IPv4 and IPv6 unless an explicit, approved protocol-specific exception exists.",Network engineering,RA §10,NET §3; NET §4; SVC §2,S00,CT-002; CT-031; CT-032,Unchanged from v1.2,"Specified, not executed by this release"
IPV6-002,Conformance testing SHALL include IPv6 negative-path tests before a platform is certified for dual-stack service.,Platform engineering,RA §10,NET §3; NET §4; SVC §2,S00,CT-002; CT-003; CT-031,Unchanged from v1.2,"Specified, not executed by this release"
IPV6-003,"Every offered address-family mode SHALL define local protocol controls, ICMPv6/PMTU treatment, transition-path restrictions and complete service/recovery dependencies; unsupported family combinations SHALL be rejected.",Network engineering,RA §10,NET §3; NET §4; SVC §2,S23; S24,CT-018; CT-031; CT-032,Unchanged from v1.2,"Specified, not executed by this release"
SVC-001,Consumers SHALL NOT receive broad routing to a shared-services supernet solely because they consume one shared service.,Service operations,RA §9,SVC §1; SVC §2,S00,CT-008; CT-037,Unchanged from v1.2,"Specified, not executed by this release"
SVC-002,"Where useful, shared services SHOULD expose zone-aligned endpoints so that consumption does not force unnecessary cross-zone routing.",Service operations,RA §9,SVC §1; SVC §2,S00,CT-008; CT-025,Unchanged from v1.2,"Specified, not executed by this release"
SVC-003,"Each ServiceProfile SHALL define direction, endpoint identity, authentication, allowed scope, availability, failure behavior and management separation; bindings SHALL be revoked when their entitlement or service version expires.",Service operations,RA §9,SVC §1; SVC §2,S00,CT-008; CT-028; CT-077,Unchanged from v1.2,"Specified, not executed by this release"
ING-001,A workload SHALL NOT obtain direct public ingress by attaching its internal Security Domain directly to a public network.,Security-edge operations,RA §9,SVC §1; SVC §2,S00,CT-006; CT-025,Unchanged from v1.2,"Specified, not executed by this release"
ING-002,"Public exposure SHALL be represented by an Exposure object with owner, protocol, endpoint, certificate/DNS dependencies, logging, security profile, and lifecycle state.",Service owner,RA §9,SVC §1; SVC §2,S00,CT-006; CT-063,Unchanged from v1.2,"Specified, not executed by this release"
EGR-001,Internet egress SHALL be deny-by-default and enabled only through an approved egress profile.,Security-edge operations,RA §9,SVC §1; SVC §2,S00,CT-005; CT-064,Unchanged from v1.2,"Specified, not executed by this release"
EGR-002,Egress telemetry SHALL permit attribution to the originating tenant/WSD and should preserve useful source identity where operationally feasible.,Security-edge operations,RA §9,SVC §1; SVC §2,S00,CT-010; CT-064,Unchanged from v1.2,"Specified, not executed by this release"
EXP-001,"Exposure SHALL remain disabled until current-generation boundary, certificate, backend, logging and authorization gates pass; exposure revocation SHALL enforce the approved existing-session policy.",Security-edge operations,RA §9,SVC §1; SVC §2,S00,CT-063; CT-069; CT-077,Unchanged from v1.2,"Specified, not executed by this release"
MICRO-001,WSD-to-WSD and tier-to-tier communication inside a shared Security Domain Instance SHALL be denied unless an approved policy explicitly permits it.,Platform engineering,RA §7; RA §11,QUAL §3; VND §1; VND §2,S00,CT-021; CT-066,Unchanged from v1.2,"Specified, not executed by this release"
MICRO-002,"Platform metadata used for security policy SHALL be managed, validated, and protected from unauthorized tenant modification.",Platform engineering,RA §7; RA §11,QUAL §3; VND §1; VND §2,S00,CT-020; CT-066,Unchanged from v1.2,"Specified, not executed by this release"
MICRO-003,"The platform SHALL prevent unapproved NIC, source-identity, privileged-workload and label changes from bypassing mandatory segmentation; effective policy SHALL be verified for same-host and cross-host traffic.",Platform engineering,RA §7; RA §11,QUAL §3; VND §1; VND §2,S00,CT-020; CT-021; CT-022; CT-065,Unchanged from v1.2,"Specified, not executed by this release"
EDGE-001,"Every domain-to-boundary attachment SHALL have a provider-owned EdgeAttachment record covering forwarding authority, isolation, MTU, HA, capacity and cleanup; consumers SHALL NOT choose its native topology identifiers.",Network engineering,RA §8; RA §16; RA §17; RA §18,NET §2; NET §3; VND §3; VND §4; VND §5,S00,CT-023; CT-024; CT-032; CT-071,Unchanged from v1.2,"Specified, not executed by this release"
EDGE-002,"A shared attachment SHALL be prohibited unless direct connected, neighbor, gateway and NAT/PBR paths preserve the required domain isolation and ZIP enforcement in normal and failure states.",Security authority,RA §8; RA §16; RA §17; RA §18,NET §2; NET §3; VND §3; VND §4; VND §5,S00,CT-023; CT-024; CT-080,Unchanged from v1.2,"Specified, not executed by this release"
SITE-001,Security Domain Instances SHOULD be site-local by default.,Platform engineering,RA §14; RA §27,PROV §6; QUAL §4; SVC §4; SVC §6,S00,CT-054; CT-055,Unchanged from v1.2,"Specified, not executed by this release"
SITE-002,Layer-2 stretch across sites SHALL require a documented application/availability requirement and failure-domain analysis.,Architecture authority,RA §14; RA §27,PROV §6; QUAL §4; SVC §4; SVC §6,S00,CT-054,Unchanged from v1.2,"Specified, not executed by this release"
SITE-003,Recovery-site connectivity SHALL be pre-authorized and tested; emergency recovery SHALL NOT depend on ad hoc route leaking.,Recovery operations,RA §14; RA §27,PROV §6; QUAL §4; SVC §4; SVC §6,S00,CT-052; CT-054,Unchanged from v1.2,"Specified, not executed by this release"
SITE-004,"Recovery placement SHALL preserve domain, co-residency, cryptographic, identity and location constraints; writer fencing and failback ownership SHALL be proven before production recovery is offered.",Recovery operations,RA §14; RA §27,PROV §6; QUAL §4; SVC §4; SVC §6,S00,CT-035; CT-038; CT-054; CT-061,Unchanged from v1.2,"Specified, not executed by this release"
CMP-001,"Compute placement, maintenance evacuation, migration and HA restart SHALL enforce the approved tenant/domain/zone co-residency matrix; no scheduler action SHALL silently weaken it.",Platform engineering,RA §7; RA §11,QUAL §3; VND §1; VND §2,S03,CT-035; CT-056,Unchanged from v1.2,"Specified, not executed by this release"
CMP-002,"Each compute profile SHALL define supported hardware/software, boot/attestation controls, administrative isolation, resource guarantees, overcommit policy and handling of unsupported devices.",Platform engineering,RA §7; RA §11,QUAL §3; VND §1; VND §2,S03; S07,CT-036; CT-039; CT-073,Unchanged from v1.2,"Specified, not executed by this release"
CMP-003,"The meaning of dedicated compute SHALL state its exact physical and administrative scope and disclose any shared storage, network, control, support or recovery dependency.",Architecture authority,RA §7; RA §11,QUAL §3; VND §1; VND §2,S00,CT-035; CT-062,Unchanged from v1.2,"Specified, not executed by this release"
STO-001,"Every storage resource and derivative copy SHALL carry owner, categorization, access scope, key policy, placement/retention constraints and lineage; cross-scope attachment or export SHALL require explicit authorization.",Storage operations,RA §12,SVC §4; SVC §5,S00,CT-037; CT-053; CT-078,Unchanged from v1.2,"Specified, not executed by this release"
STO-002,"Storage service profiles SHALL define measurable capacity/performance, consistency, replication, snapshot/clone and portability semantics and SHALL be tested under contention and the accepted failure condition.",Storage operations,RA §12,SVC §4; SVC §5,S00,CT-039; CT-052; CT-060,Unchanged from v1.2,"Specified, not executed by this release"
STO-003,"Storage release and reuse SHALL reconcile all known copies and legal/administrative holds, apply an approved sanitization method and retain a receipt describing scope, method, verification and exceptions.",Storage operations,RA §12,SVC §4; SVC §5,S27,CT-053; CT-059; CT-078,Unchanged from v1.2,"Specified, not executed by this release"
IAM-001,"Human, workload and automation identities SHALL have separately scoped authorization, credential lifecycle and accountability; no tenant identity SHALL acquire provider foundation authority through role or group inheritance.",Identity operations,RA §13,SVC §3,S07,CT-019; CT-027; CT-028,Unchanged from v1.2,"Specified, not executed by this release"
IAM-002,"Privileged access SHALL use the approved hardened path, strong authentication, least privilege and time-bound delegation; emergency and supplier access SHALL be logged, tested and revoked after use.",Identity operations,RA §13,SVC §3,S07,CT-026; CT-027; CT-079,Unchanged from v1.2,"Specified, not executed by this release"
IAM-003,"Credential and session revocation SHALL be verified at the consuming service within the approved propagation interval, including cached tokens and delegated grants.",Identity operations,RA §13,SVC §3,S00,CT-028; CT-077; CT-079,Unchanged from v1.2,"Specified, not executed by this release"
CRY-001,"Protected data services SHALL enforce their versioned cryptographic profile at rest and in transit; the profile SHALL identify approved algorithms/modes, endpoint identity validation, module/operating-environment evidence and exceptions.",Security authority,RA §13,SVC §3,S09; S10,CT-028; CT-038; CT-063,Unchanged from v1.2,"Specified, not executed by this release"
CRY-002,"Key use, administration, recovery and destruction SHALL have explicit separated authority and dependency records; key destruction SHALL NOT invalidate required retained-data recovery without an approved disposition decision.",Key-management operations,RA §13,SVC §3,S09,CT-038; CT-053; CT-059,Unchanged from v1.2,"Specified, not executed by this release"
CRY-003,"KMS/trust-service outage behavior SHALL be tested and SHALL NOT enable plaintext fallback; cryptographic inventory, certificate rotation and algorithm-transition plans SHALL be maintained.",Key-management operations,RA §13,SVC §3,S09; S10,CT-028; CT-038; CT-055,Unchanged from v1.2,"Specified, not executed by this release"
IMG-001,"Only approved versioned images and baselines SHALL be deployed; each SHALL include provenance, digest, support status, hardening and vulnerability disposition with a retirement/rebuild policy.",Platform engineering,RA §11,QUAL §3; VND §2,S07,CT-036; CT-040; CT-041,Unchanged from v1.2,"Specified, not executed by this release"
IMG-002,Runtime configuration SHALL be verified against the required baseline after provisioning and material change; unsupported protection agents or disabled mandatory controls SHALL not be silently accepted.,Platform engineering,RA §11,QUAL §3; VND §2,S00,CT-014; CT-036; CT-040,Unchanged from v1.2,"Specified, not executed by this release"
BKP-001,Backup consumers SHALL NOT receive connectivity to backup management interfaces merely because they consume backup service.,Backup operations,RA §12; RA §27,PROV §6; SVC §4; SVC §5; SVC §6,S00,CT-004; CT-051,Unchanged from v1.2,"Specified, not executed by this release"
BKP-002,"Restore workflows SHALL enforce the same tenant, security-zone, identity, and evidence controls as backup ingestion.",Backup operations,RA §12; RA §27,PROV §6; SVC §4; SVC §5; SVC §6,S00,CT-052; CT-054,Unchanged from v1.2,"Specified, not executed by this release"
BKP-003,"Every protected production WSD SHALL have a BackupPolicy with consistency, retention, location, key and protected-copy requirements; successful isolated restore SHALL be demonstrated at the policy cadence.",Backup operations,RA §12; RA §27,PROV §6; SVC §4; SVC §5; SVC §6,S00,CT-051; CT-052; CT-053,Unchanged from v1.2,"Specified, not executed by this release"
BKP-004,Production credentials SHALL NOT be able to destroy or reduce the protection of recovery copies designated independent/immutable; retained copies SHALL keep the keys and catalogue required for authorized recovery.,Backup operations,RA §12; RA §27,PROV §6; SVC §4; SVC §5; SVC §6,S00,CT-038; CT-051; CT-053,Unchanged from v1.2,"Specified, not executed by this release"
REL-001,"Availability and recovery profiles SHALL define measurement scope, SLO, failure tolerance, maintenance treatment, RTO/RPO, consistency, dependencies and test cadence; impact categorization SHALL NOT substitute for these values.",Service owner,RA §14; RA §26,QUAL §3; QUAL §4; QUAL §7; SVC §6,S00,CT-012; CT-052; CT-054; CT-062,Unchanged from v1.2,"Specified, not executed by this release"
REL-002,Recovery/HA capabilities SHALL be measured under the approved load and failure scenario before a platform offers the profile; reported SLOs SHALL disclose exclusions and actual breaches.,Operations/SRE,RA §14; RA §26,QUAL §3; QUAL §4; QUAL §7; SVC §6,S00,CT-012; CT-039; CT-054; CT-056,Unchanged from v1.2,"Specified, not executed by this release"
PLACE-001,"Placement SHALL satisfy all mandatory security, assurance, location, lifecycle, capacity and recovery constraints using a current qualified platform profile; unresolved or conflicting constraints SHALL reject the request.",Automation platform,RA §13; RA §14,QUAL §4; SVC §3; SVC §6,S00,CT-018; CT-035; CT-056; CT-061,Unchanged from v1.2,"Specified, not executed by this release"
PLACE-002,"Data, backup, telemetry, diagnostic, control-plane, administrative-access and key locations/control constraints SHALL be represented separately and enforced through approved profiles and agreements.",Service owner,RA §13; RA §14,QUAL §4; SVC §3; SVC §6,S00,CT-061; CT-079,Unchanged from v1.2,"Specified, not executed by this release"
PLACE-003,"Each portable service class SHALL have a documented exit path, declared proprietary dependencies and representative export/recovery evidence; residency or format support alone SHALL NOT be presented as portability or sovereignty proof.",Architecture authority,RA §13; RA §14,QUAL §4; SVC §3; SVC §6,S00,CT-060; CT-073,Unchanged from v1.2,"Specified, not executed by this release"
SVCM-001,"The service catalogue SHALL publish entitlements, hard quotas, reservation semantics, availability/recovery targets, supported capabilities and lifecycle obligations with stable service identifiers.",Service owner,RA §4; RA §20,NET §2; PROV §1; QUAL §2; QUAL §3,S00,CT-019; CT-056; CT-062,Unchanged from v1.2,"Specified, not executed by this release"
SVCM-002,"Capacity inventory SHALL reconcile procured, staged, commissioned, available, reserved and consumed resources and SHALL report unused/stranded capacity, ownership and support-life exposure.",Capacity management,RA §4; RA §20,NET §2; PROV §1; QUAL §2; QUAL §3,S00,CT-074,Unchanged from v1.2,"Specified, not executed by this release"
RESP-001,"Every applicable infrastructure/application control and recovery dependency SHALL have a provider, tenant or shared responsibility assignment and evidence owner; unresolved mandatory responsibilities SHALL block Service Ready.",Service owner,RA §23; RA §26,PROV §4; QUAL §3; QUAL §7; VND §1,S05; S08,CT-062; CT-069,Unchanged from v1.2,"Specified, not executed by this release"
FAB-001,"Routine create, update and retirement of tenants/WSDs in a precommissioned overlay service class SHALL NOT require leaf/spine configuration changes; foundation growth and fabric-routed service classes SHALL use separately authorized workflows.",Network engineering,RA §5,NET §1; NET §2; NET §5,S00,CT-071; CT-072,Unchanged from v1.2,"Specified, not executed by this release"
FAB-002,A physical VRF SHALL be created only when the physical fabric itself must provide L3 routing for a legitimate routing/security domain.,Network engineering,RA §5,NET §1; NET §2; NET §5,S00,CT-009; CT-072,Unchanged from v1.2,"Specified, not executed by this release"
FAB-003,"Function names such as backup, migration, platform, ZIP, or generic transit SHALL NOT by themselves justify a VRF.",Architecture authority,RA §5,NET §1; NET §2; NET §5,S00,CT-025; CT-072,Unchanged from v1.2,"Specified, not executed by this release"
FAB-004,"The fabric profile SHALL define addressing/routing authority, control-plane protection, MTU, fault convergence, management isolation, maintenance and measured scale before platform commissioning.",Network engineering,RA §5,NET §1; NET §2; NET §5,S20; S21; S22,CT-026; CT-032; CT-033; CT-034,Unchanged from v1.2,"Specified, not executed by this release"
EVPN-001,"When EVPN is used, RD/RT/VNI, gateway and multihoming policies SHALL be provider-owned, collision-checked and domain-scoped; unapproved route imports SHALL be denied.",Network engineering,RA §5,NET §1; NET §2; NET §5,S20; S21; S22,CT-009; CT-033; CT-072,Unchanged from v1.2,"Specified, not executed by this release"
EVPN-002,"Every multihoming and border interoperability profile SHALL be tested for split-brain, link/peer failure, MTU, route withdrawal and stateful-path behavior; vendor-specific MLAG interoperability SHALL NOT be assumed.",Network engineering,RA §5,NET §1; NET §2; NET §5,S21; S22,CT-024; CT-032; CT-034,Unchanged from v1.2,"Specified, not executed by this release"
PORT-001,Every platform SHALL publish a machine-readable capability profile and a tested implementation profile.,Platform engineering,RA §15; RA §28,QUAL §5; QUAL §6; VND §1; VND §6; VND §7,S00,CT-015; CT-018; CT-080,Unchanged from v1.2,"Specified, not executed by this release"
PORT-002,A placement decision SHALL fail rather than silently reduce a requested security or availability capability.,Automation platform,RA §15; RA §28,QUAL §5; QUAL §6; VND §1; VND §6; VND §7,S00,CT-018; CT-061,Unchanged from v1.2,"Specified, not executed by this release"
PORT-003,Platform-specific features MAY be exposed as optional extensions provided the WSD declares the dependency and portability impact.,Architecture authority,RA §15; RA §28,QUAL §5; QUAL §6; VND §1; VND §6; VND §7,S00,CT-016; CT-060; CT-073,Unchanged from v1.2,"Specified, not executed by this release"
QUAL-001,"Production placement SHALL require a current qualified PlatformProfile containing the exact product/API/provider/hardware tuple, applicable features/licenses, tested limits, evidence and approval; a candidate or documentation snapshot SHALL be ineligible.",Security authority,RA §15; RA §28,QUAL §5; QUAL §6; VND §1; VND §6; VND §7,S00,CT-015; CT-018; CT-069,Unchanged from v1.2,"Specified, not executed by this release"
NUT-001,New Nutanix automation SHOULD use current supported v2/v4-backed provider resources where those resources satisfy the requirement; legacy resources require an explicit compatibility rationale.,Platform engineering,RA §16,VND §3,S00; S17,CT-015; CT-018,Unchanged from v1.2,"Specified, not executed by this release"
NUT-002,Nutanix VPC internal routing SHALL NOT be used to bypass a required inter-zone ZIP.,Platform engineering,RA §16,VND §3,S00,CT-003; CT-023; CT-024,Unchanged from v1.2,"Specified, not executed by this release"
NUT-003,Provider-managed categories/metadata used for security SHALL be protected from tenant modification.,Platform engineering,RA §16,VND §3,S00,CT-020; CT-066,Unchanged from v1.2,"Specified, not executed by this release"
NUT-004,"The Nutanix profile SHALL qualify the actual AOS/Prism/Flow/provider tuple and external-attachment behavior; unresolved licensing, routing, policy precedence or asynchronous realization limitations SHALL block the affected capability.",Platform engineering,RA §16,VND §3,S17,CT-015; CT-023; CT-045; CT-080,Unchanged from v1.2,"Specified, not executed by this release"
NSX-001,An NSX implementation SHALL keep tenant/project policy distinct from provider/global management and security policy.,Platform engineering,RA §17,VND §4,S00,CT-019; CT-020; CT-066,Unchanged from v1.2,"Specified, not executed by this release"
NSX-002,Gateway policy used for zone transitions SHALL be generated from portable Flow/ZIP intent rather than manually duplicated per workload.,Platform engineering,RA §17,VND §4,S00,CT-003; CT-007; CT-009,Unchanged from v1.2,"Specified, not executed by this release"
NSX-003,"The NSX profile SHALL identify actual routing and enforcement components, global/project authority and policy precedence, and SHALL qualify their behavior on the selected product/provider tuple rather than equating a Tier-1 or project with a ZIP.",Platform engineering,RA §17,VND §4,S18,CT-003; CT-015; CT-024; CT-080,Unchanged from v1.2,"Specified, not executed by this release"
OS-001,Default OpenStack security-group behaviour SHALL be reviewed and normalized to the secure-by-default service baseline.,Platform engineering,RA §18,VND §5,S00,CT-005; CT-021; CT-066,Unchanged from v1.2,"Specified, not executed by this release"
OS-002,Provider networks and external-router capabilities SHALL remain provider controlled and SHALL not become unrestricted tenant escape paths.,Platform engineering,RA §18,VND §5,S00,CT-019; CT-022; CT-023,Unchanged from v1.2,"Specified, not executed by this release"
OS-003,"The OpenStack profile SHALL record distribution, service/API versions, Neutron backend/extensions and provider authority over external/port-security operations; native routing or editable security groups SHALL NOT be assumed to satisfy all ZIP functions.",Platform engineering,RA §18,VND §5,S19,CT-015; CT-018; CT-022; CT-080,Unchanged from v1.2,"Specified, not executed by this release"
FUT-001,A new platform SHALL pass the applicable conformance suite before it is approved for production placement.,Platform engineering,RA §19,QUAL §8,S00,CT-015; CT-018; CT-065; CT-080,Unchanged from v1.2,"Specified, not executed by this release"
FUT-002,A platform SHALL declare unsupported capabilities explicitly; unsupported capabilities SHALL NOT be emulated by weakening a mandatory control.,Platform engineering,RA §19,QUAL §8,S00,CT-018; CT-065,Unchanged from v1.2,"Specified, not executed by this release"
FUT-003,"Bare-metal and container profiles SHALL explicitly qualify host/control-plane, network, storage and lifecycle isolation; namespaces, projects and physical VRFs SHALL NOT alone be accepted as evidence of a complete security boundary.",Platform engineering,RA §19,QUAL §8,S25; S26,CT-035; CT-037; CT-059; CT-065; CT-072,Unchanged from v1.2,"Specified, not executed by this release"
API-001,The portable API SHALL be versioned and backward-compatibility rules SHALL be published.,Automation platform,RA §23; RA §24,PROV §3; PROV §4; PROV §5; VND §1,S00,CT-016; CT-070,Unchanged from v1.2,"Specified, not executed by this release"
API-002,"Vendor identifiers, VLAN/VNI/VRF details, route targets, raw firewall rules and raw next-hop routes SHALL NOT be part of the normal consumer contract.",Automation platform,RA §23; RA §24,PROV §3; PROV §4; PROV §5; VND §1,S00,CT-017; CT-019,Unchanged from v1.2,"Specified, not executed by this release"
API-003,"Where a consumer-facing provisioning API is provided, it SHALL enforce immutable IDs, idempotent create, optimistic concurrency, typed/closed schemas, authorized references and authoritative service-owned status; stale or unauthorized updates SHALL fail before side effects. These controls MAY be implemented by an existing qualified service interface.",Automation platform,RA §23; RA §24,PROV §3; PROV §4; PROV §5; VND §1,S00,CT-017; CT-046; CT-070,Unchanged from v1.2,"Specified, not executed by this release"
POL-001,Admission policy SHALL be provider independent wherever the rule expresses an architectural invariant.,Automation platform,RA §20; RA §23,PROV §1; PROV §4; VND §1,S00,CT-017; CT-025; CT-066,Unchanged from v1.2,"Specified, not executed by this release"
POL-002,Provider-specific plan checks SHOULD validate that the adapter compiled the intent into the expected native constructs.,Automation platform,RA §20; RA §23,PROV §1; PROV §4; VND §1,S00,CT-009; CT-048; CT-066,Unchanged from v1.2,"Specified, not executed by this release"
FLOW-001,"Flow Intentions SHALL resolve explicit identities, service/profile version, initiation direction, lifetime, purpose and logging; compilation SHALL preserve mandatory policy precedence and enforce approved session-revocation behavior.",Security-edge operations,RA §20; RA §23,PROV §1; PROV §4; VND §1,S00,CT-007; CT-020; CT-066; CT-077,Unchanged from v1.2,"Specified, not executed by this release"
AUTO-001,"If security admission, IPAM, route authority, or mandatory policy validation is unavailable, new provisioning SHALL stop rather than inventing or bypassing required state.",Automation platform,RA §23; RA §24,PROV §3; PROV §4; PROV §5; VND §1,S00,CT-011; CT-029; CT-045,Unchanged from v1.2,"Specified, not executed by this release"
AUTO-002,"Provisioning SHALL be journaled and idempotent, reserve only eligible capacity/addresses, enforce deny before attachment/exposure, and gate activation on realized current-generation evidence and authorization.",Automation platform,RA §23; RA §24,PROV §3; PROV §4; PROV §5; VND §1,S00,CT-045; CT-046; CT-048; CT-069,Unchanged from v1.2,"Specified, not executed by this release"
AUTO-003,"Retries SHALL distinguish transient, permanent and conflict failures, use bounded backoff/deadlines and preserve resource identity; uncertain outcomes SHALL be discovered and reconciled rather than duplicated.",Automation platform,RA §23; RA §24,PROV §3; PROV §4; PROV §5; VND §1,S00,CT-045; CT-046; CT-047,Unchanged from v1.2,"Specified, not executed by this release"
TF-001,Provider configuration SHALL be defined in root modules and passed to child modules; reusable child modules SHOULD NOT embed provider credentials/configuration.,Automation platform,RA §24,PROV §3; PROV §5,S00; S13,CT-042; CT-043,Unchanged from v1.2,"Specified, not executed by this release"
TF-002,Provider versions SHALL be constrained and dependency lock files SHALL be committed and reviewed.,Automation platform,RA §24,PROV §3; PROV §5,S00; S14,CT-015; CT-042; CT-048,Unchanged from v1.2,"Specified, not executed by this release"
TF-003,The provisioning workflow SHALL select the required hosting-platform and shared-service adapters before execution; adapters SHALL preserve their authority and lifecycle boundaries. A single giant conditional module SHOULD NOT attempt to implement all platforms.,Automation platform,RA §24,PROV §3; PROV §5,S00,CT-016; CT-044,Unchanged from v1.2,"Specified, not executed by this release"
TF-004,Module interfaces SHOULD be relatively flat and composable; deeply nested modules that obscure lifecycle or ownership boundaries SHOULD be avoided.,Automation platform,RA §24,PROV §3; PROV §5,S00,CT-044; CT-070,Unchanged from v1.2,"Specified, not executed by this release"
TF-005,Remote module sources and runner images SHALL be pinned to immutable versions/digests separately from provider lockfiles; approved package checksums and provenance SHALL be verified before privileged execution.,Automation platform,RA §24,PROV §3; PROV §5,S14,CT-042; CT-048,Unchanged from v1.2,"Specified, not executed by this release"
STATE-001,"No single routine tenant automation identity SHALL have authority to modify physical fabric, management foundation, security edge, and tenant workloads simultaneously.",Automation platform,RA §24,PROV §3; PROV §5,S00,CT-019; CT-044,Unchanged from v1.2,"Specified, not executed by this release"
STATE-002,"Remote state backends SHALL use encryption, strong authentication, locking, recovery/versioning, access logging, and separation appropriate to the sensitivity of contained data.",Automation platform,RA §24,PROV §3; PROV §5,S00,CT-043; CT-044; CT-055,Unchanged from v1.2,"Specified, not executed by this release"
STATE-003,"Cross-state/external-service changes SHALL use a journaled dependency workflow with scoped outputs, idempotent stage completion and data-safe compensation; state-file restoration SHALL NOT be represented as infrastructure rollback.",Automation platform,RA §24,PROV §3; PROV §5,S00,CT-044; CT-045; CT-070,Unchanged from v1.2,"Specified, not executed by this release"
CICD-001,"A change that modifies inter-zone policy, external exposure, route authority, management access, or assurance profile SHALL receive a higher change classification than an ordinary workload scale operation.",Change authority,RA §24,PROV §3; PROV §5,S00,CT-048; CT-058,Unchanged from v1.2,"Specified, not executed by this release"
CICD-002,"An approval SHALL bind the immutable plan and all security-relevant input/policy/state/dependency digests; stale, changed or expired artifacts SHALL be rejected at apply.",Automation platform,RA §24,PROV §3; PROV §5,S00,CT-042; CT-048,Unchanged from v1.2,"Specified, not executed by this release"
SUP-001,"Privileged software/provider/module supply chains SHALL use approved sources, integrity verification, revocation and a compromise-response procedure covering already-executed artifacts and credentials.",Automation platform,RA §24,PROV §3; PROV §5,S05; S14,CT-041; CT-042; CT-057,Unchanged from v1.2,"Specified, not executed by this release"
SEC-001,Static privileged provider credentials SHALL NOT be embedded in Terraform source code.,Automation platform,RA §13; RA §24,PROV §3; PROV §5; SVC §3,S00,CT-043,Unchanged from v1.2,"Specified, not executed by this release"
SEC-002,Automation identities SHALL use least privilege and separate duties by control domain.,Automation platform,RA §13; RA §24,PROV §3; PROV §5; SVC §3,S00,CT-019; CT-044; CT-079,Unchanged from v1.2,"Specified, not executed by this release"
SEC-003,"Credential rotation, revocation, and break-glass recovery SHALL be tested as part of the platform operational profile.",Automation platform,RA §13; RA §24,PROV §3; PROV §5; SVC §3,S00,CT-027; CT-028; CT-043,Unchanged from v1.2,"Specified, not executed by this release"
SEC-004,"Where supported and verified, sensitive values SHOULD use ephemeral/write-only mechanisms; all remaining secret-bearing plan/state/log artifacts SHALL be classified, encrypted, access-controlled and tested for unintended disclosure.",Automation platform,RA §13; RA §24,PROV §3; PROV §5; SVC §3,S15; S16,CT-043; CT-044,Unchanged from v1.2,"Specified, not executed by this release"
DRIFT-001,Security-significant drift SHALL generate an actionable event and update technical conformance/readiness conditions until resolved or accepted; formal authorization records SHALL remain separately attributable and immutable.,Operations/SRE,RA §25,PROV §5; PROV §6,S00; S05,CT-014; CT-049; CT-057,Unchanged from v1.2,"Specified, not executed by this release"
DRIFT-002,Emergency changes SHALL be reconciled back into the source of truth after the incident or maintenance action.,Operations/SRE,RA §25,PROV §5; PROV §6,S00,CT-014; CT-057,Unchanged from v1.2,"Specified, not executed by this release"
DRIFT-003,Incident containment overrides SHALL take precedence over ordinary reconciliation until explicitly released or handled by their approved expiry policy; automated repair SHALL NOT silently undo containment.,Incident response,RA §25,PROV §5; PROV §6,S00,CT-057; CT-058; CT-066,Unchanged from v1.2,"Specified, not executed by this release"
ASSUR-001,Assurance profile selection SHALL be based on system security requirements and risk analysis rather than tenant preference alone.,Security authority,RA §7; RA §11; RA §12; RA §14,QUAL §3; QUAL §4; SVC §4; SVC §5; SVC §6; VND §1; VND §2,S00; S03; S05,CT-035; CT-062,Unchanged from v1.2,"Specified, not executed by this release"
ASSUR-002,"Assurance profiles SHALL define explicit isolation for compute, storage, routing, edge, management, backup and keys, with measurable verification and exception rules; “dedicated” SHALL identify its actual resource scope.",Security authority,RA §7; RA §11; RA §12; RA §14,QUAL §3; QUAL §4; SVC §4; SVC §5; SVC §6; VND §1; VND §2,S03; S05,CT-018; CT-035; CT-037; CT-062,Unchanged from v1.2,"Specified, not executed by this release"
ASSUR-003,"A production profile SHALL have approved parameter values, owners, applicable test sets and evidence freshness limits; incomplete or expired profiles SHALL be ineligible for new production placement.",Security authority,RA §7; RA §11; RA §12; RA §14,QUAL §3; QUAL §4; SVC §4; SVC §5; SVC §6; VND §1; VND §2,S00,CT-018; CT-058; CT-069,Unchanged from v1.2,"Specified, not executed by this release"
TEST-001,Negative tests SHALL be first-class acceptance criteria; proving that an allowed flow works is insufficient.,Assurance engineering,RA §28,QUAL §5; QUAL §6,S00,CT-001; CT-002; CT-003; CT-007,Unchanged from v1.2,"Specified, not executed by this release"
TEST-002,A platform upgrade SHALL trigger an appropriate regression/conformance test set before broad production rollout.,Assurance engineering,RA §28,QUAL §5; QUAL §6,S00,CT-015; CT-018,Unchanged from v1.2,"Specified, not executed by this release"
TEST-003,"Every test execution SHALL record target versions, preconditions, healthy control paths, observation, expected outcome and attributable evidence; blocked, not-run or unjustified not-applicable results SHALL NOT satisfy mandatory gates.",Assurance engineering,RA §28,QUAL §5; QUAL §6,S00,CT-049; CT-069; CT-075,Unchanged from v1.2,"Specified, not executed by this release"
TEST-004,"Fault-injection and intrusive negative tests SHALL run only within an approved scope, safety envelope and recovery procedure; production testing SHALL protect unrelated tenants.",Assurance engineering,RA §28,QUAL §5; QUAL §6,S00,CT-011; CT-012; CT-034; CT-054,Unchanged from v1.2,"Specified, not executed by this release"
EVID-001,"The evidence record SHALL identify the source revision, policy version, provider/module versions, realized security relationships, test results, and active exceptions.",Assurance engineering,RA §26; RA §28,QUAL §3; QUAL §5; QUAL §6; QUAL §7,S00,CT-049; CT-069; CT-075,Unchanged from v1.2,"Specified, not executed by this release"
EVID-002,"Evidence SHALL bind target generation, source/profile/capability/dependency digests, artifact integrity, collection time, test executions and active exceptions; freshness SHALL be evaluated after material changes.",Assurance engineering,RA §26; RA §28,QUAL §3; QUAL §5; QUAL §6; QUAL §7,S05; S11,CT-048; CT-049; CT-069,Unchanged from v1.2,"Specified, not executed by this release"
EVID-003,"Formal authorization decisions SHALL be issued by the designated authority and retained separately from technical test status, with scope, validity and operating conditions that the controller can evaluate.",Security authority,RA §26; RA §28,QUAL §3; QUAL §5; QUAL §6; QUAL §7,S04; S05,CT-049; CT-058; CT-069,Unchanged from v1.2,"Specified, not executed by this release"
OBS-001,"Logs SHALL contain stable identifiers sufficient to correlate tenant, WSD, Security Domain, policy, and deployment evidence.",Security operations,RA §26,QUAL §3; QUAL §7,S00,CT-010; CT-049,Unchanged from v1.2,"Specified, not executed by this release"
OBS-002,Security control logging SHALL not depend solely on the tenant workload being healthy or cooperative.,Security operations,RA §26,QUAL §3; QUAL §7,S00,CT-010; CT-050,Unchanged from v1.2,"Specified, not executed by this release"
OBS-003,"Logging profiles SHALL define event coverage, attribution, time integrity, minimization, forwarding latency, buffering, loss alerting, retention, access and safe behavior during collection failure.",Security operations,RA §26,QUAL §3; QUAL §7,S11,CT-010; CT-050; CT-068,Unchanged from v1.2,"Specified, not executed by this release"
CAP-001,Capacity planning SHALL include N+failure headroom so that loss of a security-edge node does not require disabling or bypassing enforcement.,Capacity management,RA §4; RA §26,NET §2; QUAL §2; QUAL §3; QUAL §7,S00,CT-012; CT-056,Unchanged from v1.2,"Specified, not executed by this release"
CAP-002,"Placement and growth admission SHALL evaluate measured surviving capacity, security-feature overhead, shared dependencies, quotas and operational reserves for the approved failure model.",Capacity management,RA §4; RA §26,NET §2; QUAL §2; QUAL §3; QUAL §7,S00,CT-039; CT-047; CT-056,Unchanged from v1.2,"Specified, not executed by this release"
CAP-003,"Capacity reporting SHALL distinguish procured, received, commissioned, allocated, reserved and consumed capacity and identify unused-capacity age, constraints and accountable remediation.",Service management,RA §4; RA §26,NET §2; QUAL §2; QUAL §3; QUAL §7,S28,CT-074,Unchanged from v1.2,"Specified, not executed by this release"
FAIL-001,Control-plane failure SHALL NOT create an implicit permit path.,Platform operations,RA §14; RA §27,PROV §6; QUAL §4; SVC §4; SVC §6,S00,CT-011; CT-012; CT-024; CT-052,Unchanged from v1.2,"Specified, not executed by this release"
FAIL-002,Failover and control-plane-loss scenarios SHALL be included in platform conformance testing.,Assurance engineering,RA §14; RA §27,PROV §6; QUAL §4; SVC §4; SVC §6,S00,CT-011; CT-012; CT-027; CT-038; CT-050; CT-054; CT-055,Unchanged from v1.2,"Specified, not executed by this release"
FAIL-003,"Every critical dependency SHALL have a qualified loss/partition/recovery behavior, including credential/key continuity, logging loss, state recovery and split-brain prevention; unavailable authority SHALL NOT authorize fallback bypass.",Platform operations,RA §14; RA §27,PROV §6; QUAL §4; SVC §4; SVC §6,S00,CT-027; CT-038; CT-044; CT-050; CT-054; CT-055,Unchanged from v1.2,"Specified, not executed by this release"
REC-001,"Recovery procedures SHALL include independent bootstrap access, protected key/state/catalog recovery, dependency ordering, writer fencing, isolated validation and attributable activation authority.",Continuity management,RA §21; RA §27,PROV §2; PROV §6; SVC §4; SVC §6,S00,CT-052; CT-054; CT-055,Unchanged from v1.2,"Specified, not executed by this release"
REC-002,"Recovery and failback exercises SHALL measure actual service RTO/RPO, data consistency and security outcomes and SHALL remove temporary routes, grants and exposures after authorized completion.",Continuity management,RA §21; RA §27,PROV §2; PROV §6; SVC §4; SVC §6,S00,CT-052; CT-054; CT-055; CT-060,Unchanged from v1.2,"Specified, not executed by this release"
VULN-001,"All platform and automation assets SHALL have version/support inventory, vulnerability ownership, risk-based remediation targets, exception handling and retirement decisions.",Vulnerability management,RA §25,PROV §5; PROV §6,S05; S07,CT-041; CT-042; CT-074,Unchanged from v1.2,"Specified, not executed by this release"
VULN-002,"Security updates SHALL use trusted artifacts, compatibility/regression evidence, phased promotion and a tested recovery strategy; unsupported or vulnerable templates SHALL be controlled at new-deployment admission.",Platform engineering,RA §25,PROV §5; PROV §6,S07,CT-015; CT-040; CT-041; CT-042,Unchanged from v1.2,"Specified, not executed by this release"
IR-001,Emergency containment SHALL be possible without requiring a physical-fabric redesign or broad outage to unrelated tenants.,Incident response,RA §25; RA §27,PROV §5; PROV §6; SVC §4; SVC §6,S00,CT-057; CT-067,Unchanged from v1.2,"Specified, not executed by this release"
IR-002,"Incident procedures SHALL define authority, scoped containment, evidence custody, coordination, recovery acceptance and reconciliation of emergency changes; containment release SHALL be explicit and attributable.",Incident response,RA §25; RA §27,PROV §5; PROV §6; SVC §4; SVC §6,S12,CT-049; CT-057; CT-058; CT-066,Unchanged from v1.2,"Specified, not executed by this release"
LIFE-001,Offboarding SHALL remove obsolete routes and policy objects and SHALL produce evidence of completion.,Service management,RA §27,PROV §6; SVC §4; SVC §6,S00,CT-013; CT-059; CT-070,Unchanged from v1.2,"Specified, not executed by this release"
LIFE-002,"Retirement SHALL distinguish live-service removal from retained-data obligations and SHALL verify identity, DNS, route, policy, attachment, copy and key lifecycle without deleting shared or held resources.",Service management,RA §27,PROV §6; SVC §4; SVC §6,S27,CT-013; CT-053; CT-059; CT-070; CT-078,Unchanged from v1.2,"Specified, not executed by this release"
LIFE-003,Sanitization SHALL use an approved media-appropriate method with copy/key-scope evidence; deletion of a resource record SHALL NOT alone constitute proof of data destruction.,Data owner,RA §27,PROV §6; SVC §4; SVC §6,S27,CT-053; CT-059,Unchanged from v1.2,"Specified, not executed by this release"
MIG-001,Migration connectivity SHALL be time-bound unless explicitly converted to an approved steady-state connection.,Migration owner,RA §27,PROV §6; SVC §4; SVC §6,S00,CT-058; CT-060; CT-076,Unchanged from v1.2,"Specified, not executed by this release"
MIG-002,Migration flows SHALL traverse an approved security edge when they cross security-domain boundaries.,Migration owner,RA §27,PROV §6; SVC §4; SVC §6,S00,CT-003; CT-060,Unchanged from v1.2,"Specified, not executed by this release"
MIG-003,"Migration and exit rehearsals SHALL validate data/application consistency, identity/key dependencies, equivalent security outcomes, fencing/cutover, rollback feasibility and complete transition teardown.",Migration owner,RA §27,PROV §6; SVC §4; SVC §6,S00,CT-054; CT-060; CT-073; CT-078,Unchanged from v1.2,"Specified, not executed by this release"
OPS-001,"Each service SHALL publish a provider/tenant/shared control responsibility matrix and accountable decision owners for its complete lifecycle, including inherited controls, support access and data disposal.",Service management,RA §20; RA §26,PROV §1; QUAL §3; QUAL §7,S05; S28,CT-019; CT-062; CT-079,Unchanged from v1.2,"Specified, not executed by this release"
OPS-002,"Production handover SHALL include owner/escalation, dependency, SLO/recovery, capacity, monitoring, runbook, support/version and evidence records; privileged access SHALL be reviewed against the actual authority model.",Service management,RA §20; RA §26,PROV §1; QUAL §3; QUAL §7,S00,CT-019; CT-062; CT-069,Unchanged from v1.2,"Specified, not executed by this release"
EXC-001,Every exception SHALL have an accountable risk owner and expiry or review date.,Risk owner,RA §25,PROV §5; PROV §6,S00,CT-058; CT-062,Unchanged from v1.2,"Specified, not executed by this release"
EXC-002,The control plane SHALL surface expired exceptions as non-compliant state rather than allowing them to become permanent undocumented architecture.,Risk owner,RA §25,PROV §5; PROV §6,S00,CT-058; CT-069,Unchanged from v1.2,"Specified, not executed by this release"
EXC-003,"Exceptions SHALL bind requirement IDs, precise scope, effective/expiry times, compensating controls and authorized risk approval; expiry handling SHALL preserve evidence and follow a pre-approved secure continuity/remediation decision.",Risk owner,RA §25,PROV §5; PROV §6,S00,CT-017; CT-058; CT-069,Unchanged from v1.2,"Specified, not executed by this release"
ONB-001,"Onboarding SHALL verify ownership, complete intent/profiles, current qualification/authorization conditions, operational readiness and lifecycle obligations before Service Ready is granted.",Service management,RA §23; RA §28,PROV §4; QUAL §5; QUAL §6; VND §1,S00,CT-017; CT-018; CT-049; CT-062; CT-069,Unchanged from v1.2,"Specified, not executed by this release"
DEL-001,"The reference implementation SHALL demonstrate two-tenant isolation, controlled zone transitions, protected management, service bindings, recovery and retirement on a qualified first platform before scale expansion.",Delivery owner,RA §22; RA §30,GM §3; PROV §2; PROV §3; QUAL §1; QUAL §2; SVC §1,S00,CT-001; CT-003; CT-004; CT-008; CT-013; CT-052; CT-069,Unchanged from v1.2,"Specified, not executed by this release"
DEL-002,Multi-platform portability claims SHALL be supported by the same intent/core conformance outcomes on at least two qualified implementations and by a representative data/application exit rehearsal.,Delivery owner,RA §22; RA §30,GM §3; PROV §2; PROV §3; QUAL §1; QUAL §2; SVC §1,S00,CT-016; CT-060; CT-073,Unchanged from v1.2,"Specified, not executed by this release"
ACPT-001,"Production acceptance SHALL require current evidence for every applicable acceptance criterion, explicit exclusions and risk decisions, operational owner acceptance and a valid separately issued authorization decision.",Security authority,RA §28; RA §30,GM §3; QUAL §1; QUAL §2; QUAL §5; QUAL §6,S04; S05,CT-018; CT-049; CT-062; CT-069,Unchanged from v1.2,"Specified, not executed by this release"
